date_processed,collection_site,collection_time,kelpline_depth,5-10m_distance_depth,deep_depth_ft,date_collected,processed_by,slope_distance_m,species,urch_no,tissue_vial_no,field_depth_ft,width_mm,height_mm,total_mass_g,cracked_mass_g,gonad_mass_g,roe_color,roe_character,viscera_mass_g,stomach_contents,notes
7/26/18,Murchison NE,17:23-18:39,8,12,35,7/25/18,"Emily Adamciezyk, Nathan Spindel",50,Strongylocentrotus franciscanus,1,D-198,8,119,64,629,476,45.1,dark orange,partially spawned,15.9,kelp,
7/26/18,Murchison NE,17:23-18:39,8,12,35,7/25/18,"Emily Adamciezyk, Nathan Spindel",50,Strongylocentrotus franciscanus,2,D-199,8,117,64,614,427,27.5,dark orange,spawned out,10.4,kelp,
7/26/18,Murchison NE,17:23-18:39,8,12,35,7/25/18,"Emily Adamciezyk, Nathan Spindel",50,Strongylocentrotus franciscanus,3,D-200,8,113,47,475,383,38.2,orange,partially spawned,14.1,kelp,
7/26/18,Murchison NE,17:23-18:39,8,12,35,7/25/18,"Emily Adamciezyk, Nathan Spindel",50,Strongylocentrotus franciscanus,4,E-201,8,103,42,431,321,32.5,orange,partially spawned,11.2,"kelp, Spirorbids",
7/26/18,Murchison NE,17:23-18:39,8,12,35,7/25/18,"Emily Adamciezyk, Nathan Spindel",50,Strongylocentrotus franciscanus,5,E-202,8,117,61,671,484,42.7,dark orange,partially spawned,14.8,kelp,
7/26/18,Murchison NE,17:23-18:39,8,12,35,7/25/18,"Emily Adamciezyk, Nathan Spindel",50,Strongylocentrotus franciscanus,6,E-203,8,126,58,717,NaN,48.6,dark yellow,partially spawned,16.2,kelp,
7/26/18,Murchison NE,17:23-18:39,8,12,35,7/25/18,"Emily Adamciezyk, Nathan Spindel",50,Strongylocentrotus franciscanus,7,E-204,8,127,63,788,568,54.7,dark orange,partially spawned,16.5,kelp,
7/26/18,Murchison NE,17:23-18:39,8,12,35,7/25/18,"Emily Adamciezyk, Nathan Spindel",50,Strongylocentrotus franciscanus,8,E-205,8,118,66,776,598,40.7,dark yellow,partially spawned,17.7,kelp,
7/26/18,Murchison NE,17:23-18:39,8,12,35,7/25/18,"Emily Adamciezyk, Nathan Spindel",50,Strongylocentrotus franciscanus,9,E-206,8,116,55,689,NaN,63.8,light orange,full,16.5,kelp,
7/26/18,Murchison NE,17:23-18:39,8,12,35,7/25/18,"Emily Adamciezyk, Nathan Spindel",50,Strongylocentrotus franciscanus,10,E-207,8,129,64,998,799,48.5,dark orange,partially spawned,20,"kelp, shell hash, Phyllospadix",
7/26/18,Murchison NE,17:23-18:39,8,12,35,7/25/18,"Emily Adamciezyk, Nathan Spindel",50,Strongylocentrotus franciscanus,11,NaN,8,121,62,672,554,39.3,dark yellow,partially spawned,16.4,kelp,
7/26/18,Murchison NE,17:23-18:39,8,12,35,7/25/18,"Emily Adamciezyk, Nathan Spindel",50,Strongylocentrotus franciscanus,12,NaN,8,121,58,536,503,81.8,orange,partially spawned,14.5,kelp,
7/26/18,Murchison NE,17:23-18:39,8,12,35,7/25/18,"Emily Adamciezyk, Nathan Spindel",50,Strongylocentrotus franciscanus,13,NaN,8,127,58,890,647,49,light orange,partially spawned,15.8,kelp,
7/26/18,Murchison NE,17:23-18:39,8,12,35,7/25/18,"Emily Adamciezyk, Nathan Spindel",50,Strongylocentrotus franciscanus,14,NaN,8,132,65,791,701,82.4,orange,full,20.3,kelp,
7/26/18,Murchison NE,17:23-18:39,8,12,35,7/25/18,"Emily Adamciezyk, Nathan Spindel",50,Strongylocentrotus franciscanus,15,NaN,8,130,72,729,553,45,light orange,partially spawned,14.8,kelp,
7/26/18,Murchison NE,17:23-18:39,8,12,35,7/25/18,"Emily Adamciezyk, Nathan Spindel",50,Strongylocentrotus franciscanus,16,NaN,8,115,53,578,477,40.1,dark orange,partially spawned,12.1,kelp,
7/26/18,Murchison NE,17:23-18:39,8,12,35,7/25/18,"Emily Adamciezyk, Nathan Spindel",50,Strongylocentrotus franciscanus,17,NaN,8,121,61,767,647,47.2,orange,partially spawned,15.4,"kelp, Ulva",
7/26/18,Murchison NE,17:23-18:39,8,12,35,7/25/18,"Emily Adamciezyk, Nathan Spindel",50,Strongylocentrotus franciscanus,18,NaN,8,115,49,682,541,52.6,light orange,full,14.6,"kelp, Ulva",
7/26/18,Murchison NE,17:23-18:39,8,12,35,7/25/18,"Emily Adamciezyk, Nathan Spindel",50,Strongylocentrotus franciscanus,19,NaN,8,109,50,538,422,33.3,orange,partially spawned,12.5,kelp,
7/26/18,Murchison NE,17:23-18:39,8,12,35,7/25/18,"Emily Adamciezyk, Nathan Spindel",50,Strongylocentrotus franciscanus,20,NaN,8,109,49,561,495,64.6,light orange,partially spawned,13.4,kelp,
7/26/18,Murchison NE,17:23-18:39,8,12,35,7/25/18,"Emily Adamciezyk, Nathan Spindel",50,Strongylocentrotus franciscanus,21,NaN,8,60,27,89,75,3.9,yellow,partially spawned,3.5,kelp,
7/26/18,Murchison NE,17:23-18:39,8,12,35,7/25/18,"Emily Adamciezyk, Nathan Spindel",50,Strongylocentrotus franciscanus,22,NaN,8,62,30,98,84,7.5,light yellow,partially spawned,3.8,kelp,
7/26/18,Murchison NE,17:23-18:39,8,12,35,7/25/18,"Emily Adamciezyk, Nathan Spindel",50,Strongylocentrotus franciscanus,23,NaN,8,63,32,101,96,10,light yellow,full,3.2,kelp,
7/26/18,Murchison NE,17:23-18:39,8,12,35,7/25/18,"Emily Adamciezyk, Nathan Spindel",50,Strongylocentrotus franciscanus,24,NaN,8,50,20,45,41,1.8,light yellow,partially spawned,1.4,kelp,
7/26/18,Murchison NE,17:23-18:39,8,12,35,7/25/18,"Emily Adamciezyk, Nathan Spindel",50,Strongylocentrotus franciscanus,25,NaN,8,60,27,102,92,9.5,yellow,full,2.4,"kelp, articulated coralline algae",
7/26/18,Murchison NE,17:23-18:39,8,12,35,7/25/18,"Emily Adamciezyk, Nathan Spindel",50,Strongylocentrotus franciscanus,26,NaN,8,61,32,115,92,3.6,yellow,spawned out,4.3,"kelp, Phyllospadix",
7/26/18,Murchison NE,17:23-18:39,8,12,35,7/25/18,"Emily Adamciezyk, Nathan Spindel",50,Strongylocentrotus franciscanus,27,NaN,8,59,25,74,67,3.9,light yellow,partially spawned,2.8,"kelp, Phyllospadix, articulated coralline algae",
7/26/18,Murchison NE,17:23-18:39,8,12,35,7/25/18,"Emily Adamciezyk, Nathan Spindel",50,Strongylocentrotus franciscanus,28,NaN,8,63,29,97,70,5,light yellow,partially spawned,2.8,kelp,
7/26/18,Murchison NE,17:23-18:39,8,12,35,7/25/18,"Emily Adamciezyk, Nathan Spindel",50,Strongylocentrotus franciscanus,29,NaN,8,41,18,31,30,0.5,light yellow,spawned out,1.3,kelp,
7/26/18,Murchison NE,17:23-18:39,8,12,35,7/25/18,"Emily Adamciezyk, Nathan Spindel",50,Strongylocentrotus franciscanus,30,NaN,8,65,29,113,95,9.3,yellow,partially spawned,3.7,kelp,
7/26/18,Murchison NE,17:23-18:39,8,12,35,7/25/18,"Emily Adamciezyk, Nathan Spindel",50,Strongylocentrotus franciscanus,31,NaN,8,65,30,112,89,5,yellow,partially spawned,3.6,kelp,
7/26/18,Murchison NE,17:23-18:39,8,12,35,7/25/18,"Emily Adamciezyk, Nathan Spindel",50,Strongylocentrotus franciscanus,32,NaN,8,54,25,64,52,3.6,light yellow,spawned out,2.6,kelp,
7/26/18,Murchison NE,17:23-18:39,8,12,35,7/25/18,"Emily Adamciezyk, Nathan Spindel",50,Strongylocentrotus franciscanus,33,NaN,8,63,35,118,100,9.6,dark yellow,partially spawned,3.8,"kelp, green algae",
7/26/18,Murchison NE,17:23-18:39,8,12,35,7/25/18,"Emily Adamciezyk, Nathan Spindel",50,Strongylocentrotus franciscanus,34,NaN,8,59,28,86,78,7.3,yellow,partially spawned,2.4,"kelp, green algae",
7/26/18,Murchison NE,17:23-18:39,8,12,35,7/25/18,"Emily Adamciezyk, Nathan Spindel",50,Strongylocentrotus franciscanus,35,NaN,8,61,28,91,77,5.8,light yellow,partially spawned,2.8,"kelp, green algae",
7/26/18,Murchison NE,17:23-18:39,8,12,35,7/25/18,"Emily Adamciezyk, Nathan Spindel",50,Strongylocentrotus franciscanus,36,NaN,8,89,46,237,207,26.5,yellow,full,7.8,kelp,
7/26/18,Murchison NE,17:23-18:39,8,12,35,7/25/18,"Emily Adamciezyk, Nathan Spindel",50,Strongylocentrotus franciscanus,37,NaN,8,60,29,81,76,5.8,yellow,spawned out,3.4,"kelp, green algae",
7/26/18,Murchison NE,17:23-18:39,8,12,35,7/25/18,"Emily Adamciezyk, Nathan Spindel",50,Strongylocentrotus franciscanus,38,NaN,8,69,30,101,89,10,yellow,partially spawned,3.6,kelp,
7/26/18,Murchison NE,17:23-18:39,8,12,35,7/25/18,"Emily Adamciezyk, Nathan Spindel",50,Strongylocentrotus franciscanus,39,NaN,8,65,28,105,98,9.7,light yellow,partially spawned,3.8,kelp,
7/26/18,Murchison NE,17:23-18:39,8,12,35,7/25/18,"Emily Adamciezyk, Nathan Spindel",50,Strongylocentrotus franciscanus,40,NaN,8,57,29,73,62,4.5,yellow,partially spawned,2.5,kelp,
7/26/18,Murchison NE,17:23-18:39,8,12,35,7/25/18,"Emily Adamciezyk, Nathan Spindel",50,Strongylocentrotus droebachiensis,41,E-208,8,57,29,63,50,3,dark orange,spawned out,2.1,"kelp, green algae",
7/26/18,Murchison NE,17:23-18:39,8,12,35,7/25/18,"Emily Adamciezyk, Nathan Spindel",50,Strongylocentrotus droebachiensis,42,E-209,8,45,24,32,30,1.2,dark orange,partially spawned,1.3,kelp,
7/26/18,Murchison NE,17:23-18:39,8,12,35,7/25/18,"Emily Adamciezyk, Nathan Spindel",50,Strongylocentrotus droebachiensis,43,E-210,8,48,24,38,34,2.7,dark orange,partially spawned,1.6,kelp,
7/26/18,Murchison NE,17:23-18:39,8,12,35,7/25/18,"Emily Adamciezyk, Nathan Spindel",50,Strongylocentrotus droebachiensis,44,E-211,8,46,25,29,27,1.6,orange,partially spawned,0.9,kelp,
7/26/18,Murchison NE,17:23-18:39,8,12,35,7/25/18,"Emily Adamciezyk, Nathan Spindel",50,Strongylocentrotus droebachiensis,45,E-212,8,42,23,27,24,2,light orange,partially spawned,0.7,"kelp, articulated coralline algae",
7/26/18,Murchison NE,17:23-18:39,8,12,35,7/25/18,"Emily Adamciezyk, Nathan Spindel",50,Strongylocentrotus droebachiensis,46,E-213,8,40,22,23,20,1.5,orange,partially spawned,0.6,kelp,
7/26/18,Murchison NE,17:23-18:39,8,12,35,7/25/18,"Emily Adamciezyk, Nathan Spindel",50,Strongylocentrotus droebachiensis,47,E-214,8,41,20,26,22,1.5,yellow,partially spawned,3,kelp,
7/26/18,Murchison NE,17:23-18:39,8,12,35,7/25/18,"Emily Adamciezyk, Nathan Spindel",50,Strongylocentrotus droebachiensis,48,E-215,8,35,12,18,15,1.3,orange,partially spawned,0.6,kelp,
7/26/18,Murchison NE,17:23-18:39,8,12,35,7/25/18,"Emily Adamciezyk, Nathan Spindel",50,Strongylocentrotus droebachiensis,49,E-216,8,38,19,25,20,1.3,yellow,partially spawned,0.8,kelp,
7/26/18,Murchison NE,17:23-18:39,8,12,35,7/25/18,"Emily Adamciezyk, Nathan Spindel",50,Strongylocentrotus droebachiensis,50,E-217,8,39,19,27,21,3,light yellow,full,0.8,kelp,
7/26/18,Murchison NE,17:23-18:39,8,12,35,7/25/18,"Emily Adamciezyk, Nathan Spindel",50,Strongylocentrotus franciscanus,51,NaN,12,135,77,1165,766,15.9,"black (""totes nast"")",spawned out,16.2,kelp,
7/26/18,Murchison NE,17:23-18:39,8,12,35,7/25/18,"Emily Adamciezyk, Nathan Spindel",50,Strongylocentrotus franciscanus,52,NaN,12,115,52,697,515,45,dark orange,partially spawned,13.6,kelp,
7/26/18,Murchison NE,17:23-18:39,8,12,35,7/25/18,"Emily Adamciezyk, Nathan Spindel",50,Strongylocentrotus franciscanus,53,NaN,12,118,56,770,505,29.1,dark orange,partially spawned,10.6,"kelp, sand",
7/26/18,Murchison NE,17:23-18:39,8,12,35,7/25/18,"Emily Adamciezyk, Nathan Spindel",50,Strongylocentrotus franciscanus,54,NaN,12,119,63,902,609,27.6,dark brown red,spawned out,11.6,kelp,
7/26/18,Murchison NE,17:23-18:39,8,12,35,7/25/18,"Emily Adamciezyk, Nathan Spindel",50,Strongylocentrotus franciscanus,56,NaN,12,121,48,815,700,75.8,orange,partially spawned,15,kelp,
7/26/18,Murchison NE,17:23-18:39,8,12,35,7/25/18,"Emily Adamciezyk, Nathan Spindel",50,Strongylocentrotus franciscanus,57,NaN,12,110,54,545,419,32.7,dark yellow,partially spawned,3.4,kelp,
7/26/18,Murchison NE,17:23-18:39,8,12,35,7/25/18,"Emily Adamciezyk, Nathan Spindel",50,Strongylocentrotus franciscanus,58,NaN,12,115,60,565,390,17.5,dark orange,spawned out,9,kelp,
7/26/18,Murchison NE,17:23-18:39,8,12,35,7/25/18,"Emily Adamciezyk, Nathan Spindel",50,Strongylocentrotus franciscanus,59,NaN,12,114,58,635,447,37.9,dark orange,partially spawned,9.8,kelp,
7/26/18,Murchison NE,17:23-18:39,8,12,35,7/25/18,"Emily Adamciezyk, Nathan Spindel",50,Strongylocentrotus franciscanus,60,NaN,12,110,59,677,495,29.1,dark orange,partially spawned,12.1,kelp,
7/26/18,Murchison NE,17:23-18:39,8,12,35,7/25/18,"Emily Adamciezyk, Nathan Spindel",50,Strongylocentrotus franciscanus,61,NaN,12,117,56,595,436,38.6,dark yellow,partially spawned,12.7,kelp,
7/26/18,Murchison NE,17:23-18:39,8,12,35,7/25/18,"Emily Adamciezyk, Nathan Spindel",50,Strongylocentrotus franciscanus,62,NaN,12,121,64,747,597,42.8,orange,partially spawned,12.3,kelp,
7/26/18,Murchison NE,17:23-18:39,8,12,35,7/25/18,"Emily Adamciezyk, Nathan Spindel",50,Strongylocentrotus franciscanus,63,NaN,12,108,59,565,473,20,dark orange,spawned out,5.7,kelp,
7/28/18,Murchison NE,17:23-18:39,8,12,35,7/25/18,"Emily Adamciezyk, Nathan Spindel",50,Strongylocentrotus franciscanus,64,NaN,12,115,52,615,523,66.6,orange,full,11.7,kelp,
7/28/18,Murchison NE,17:23-18:39,8,12,35,7/25/18,"Emily Adamciezyk, Nathan Spindel",50,Strongylocentrotus franciscanus,65,NaN,12,122,60,622,497,33.6,light brown,partially spawned,9,kelp,
7/28/18,Murchison NE,17:23-18:39,8,12,35,7/25/18,"Emily Adamciezyk, Nathan Spindel",50,Strongylocentrotus franciscanus,66,NaN,12,140,68,1171,810,32.6,dark brown,spawned out,18.9,kelp,
7/28/18,Murchison NE,17:23-18:39,8,12,35,7/25/18,"Emily Adamciezyk, Nathan Spindel",50,Strongylocentrotus franciscanus,67,NaN,12,114,56,421,564,26.6,orange,partially spawned,1.6,kelp,
7/28/18,Murchison NE,17:23-18:39,8,12,35,7/25/18,"Emily Adamciezyk, Nathan Spindel",50,Strongylocentrotus franciscanus,68,NaN,12,116,57,567,429,21.9,light orange,partially spawned,11.7,"kelp, sand",
7/28/18,Murchison NE,17:23-18:39,8,12,35,7/25/18,"Emily Adamciezyk, Nathan Spindel",50,Strongylocentrotus franciscanus,69,NaN,12,110,50,532,449,27.4,light orange,partially spawned,10.9,kelp,
7/28/18,Murchison NE,17:23-18:39,8,12,35,7/25/18,"Emily Adamciezyk, Nathan Spindel",50,Strongylocentrotus franciscanus,70,NaN,12,114,51,599,449,38.9,light yellow,partially spawned,10.7,kelp,
7/28/18,Murchison NE,17:23-18:39,8,12,35,7/25/18,"Emily Adamciezyk, Nathan Spindel",50,Strongylocentrotus franciscanus,71,NaN,12,64,31,104,87,6.6,yellow,partially spawned,2.2,kelp,
7/28/18,Murchison NE,17:23-18:39,8,12,35,7/25/18,"Emily Adamciezyk, Nathan Spindel",50,Strongylocentrotus franciscanus,72,NaN,12,61,21,73,65,2.7,yellow,partially spawned,2.2,kelp,
7/28/18,Murchison NE,17:23-18:39,8,12,35,7/25/18,"Emily Adamciezyk, Nathan Spindel",50,Strongylocentrotus franciscanus,73,NaN,12,50,26,53,43,3.9,yellow,partially spawned,1.5,kelp,
7/28/18,Murchison NE,17:23-18:39,8,12,35,7/25/18,"Emily Adamciezyk, Nathan Spindel",50,Strongylocentrotus franciscanus,74,NaN,12,57,24,66,58,1.8,yellow,partially spawned,2,kelp,
7/28/18,Murchison NE,17:23-18:39,8,12,35,7/25/18,"Emily Adamciezyk, Nathan Spindel",50,Strongylocentrotus franciscanus,75,NaN,12,53,25,57,50,3.3,yellow,partially spawned,2,kelp,
7/28/18,Murchison NE,17:23-18:39,8,12,35,7/25/18,"Emily Adamciezyk, Nathan Spindel",50,Strongylocentrotus franciscanus,76,NaN,12,64,29,98,79,6.5,light yellow,partially spawned,2.8,kelp,
7/28/18,Murchison NE,17:23-18:39,8,12,35,7/25/18,"Emily Adamciezyk, Nathan Spindel",50,Strongylocentrotus franciscanus,77,NaN,12,63,32,113,97,5.6,yellow,partially spawned,2.5,kelp,
7/28/18,Murchison NE,17:23-18:39,8,12,35,7/25/18,"Emily Adamciezyk, Nathan Spindel",50,Strongylocentrotus franciscanus,78,NaN,12,57,25,75,60,3.2,light yellow,partially spawned,2.5,kelp,
7/28/18,Murchison NE,17:23-18:39,8,12,35,7/25/18,"Emily Adamciezyk, Nathan Spindel",50,Strongylocentrotus franciscanus,79,NaN,12,53,25,59,50,1.8,light yellow,spawned out,1.7,kelp,
7/28/18,Murchison NE,17:23-18:39,8,12,35,7/25/18,"Emily Adamciezyk, Nathan Spindel",50,Strongylocentrotus franciscanus,80,NaN,12,54,27,68,57,2.4,yellow,partially spawned,2.2,kelp,
7/28/18,Murchison NE,17:23-18:39,8,12,35,7/25/18,"Emily Adamciezyk, Nathan Spindel",50,Strongylocentrotus franciscanus,81,NaN,12,52,23,60,50,2.8,yellow,partially spawned,2.1,kelp,
7/28/18,Murchison NE,17:23-18:39,8,12,35,7/25/18,"Emily Adamciezyk, Nathan Spindel",50,Strongylocentrotus franciscanus,82,NaN,12,52,23,52,43,1.8,yellow,partially spawned,1.5,kelp,
7/28/18,Murchison NE,17:23-18:39,8,12,35,7/25/18,"Emily Adamciezyk, Nathan Spindel",50,Strongylocentrotus franciscanus,83,NaN,12,26,12,7,6,0,NaN,NaN,0.2,NaN,
7/28/18,Murchison NE,17:23-18:39,8,12,35,7/25/18,"Emily Adamciezyk, Nathan Spindel",50,Strongylocentrotus franciscanus,84,NaN,12,48,21,47,36,0.8,yellow,partially spawned,1.5,kelp,
7/28/18,Murchison NE,17:23-18:39,8,12,35,7/25/18,"Emily Adamciezyk, Nathan Spindel",50,Strongylocentrotus franciscanus,85,NaN,12,49,24,53,48,3.2,yellow,partially spawned,1.9,kelp,
7/28/18,Murchison NE,17:23-18:39,8,12,35,7/25/18,"Emily Adamciezyk, Nathan Spindel",50,Strongylocentrotus franciscanus,86,NaN,12,43,17,29,25,0.5,light yellow,spawned out,0.8,kelp,
7/28/18,Murchison NE,17:23-18:39,8,12,35,7/25/18,"Emily Adamciezyk, Nathan Spindel",50,Strongylocentrotus franciscanus,87,NaN,12,52,26,56,51,2.4,yellow,partially spawned,1.9,kelp,
7/28/18,Murchison NE,17:23-18:39,8,12,35,7/25/18,"Emily Adamciezyk, Nathan Spindel",50,Strongylocentrotus franciscanus,88,NaN,12,40,20,27,23,0.2,light yellow,spawned out,0.7,kelp,
7/28/18,Murchison NE,17:23-18:39,8,12,35,7/25/18,"Emily Adamciezyk, Nathan Spindel",50,Strongylocentrotus franciscanus,89,NaN,12,41,19,27,32,0.1,light yellow,spawned out,0.7,"kelp, sand",
7/28/18,Murchison NE,17:23-18:39,8,12,35,7/25/18,"Emily Adamciezyk, Nathan Spindel",50,Strongylocentrotus franciscanus,90,NaN,12,40,17,18,17,0.4,light yellow,spawned out,0.5,kelp,
7/28/18,Murchison NE,17:23-18:39,8,12,35,7/25/18,"Emily Adamciezyk, Nathan Spindel",50,Strongylocentrotus franciscanus,91,G-306,35,115,60,656,365,8.3,dark orange,spawned out,8.2,"kelp, sand, Phyllospadix",
7/28/18,Murchison NE,17:23-18:39,8,12,35,7/25/18,"Emily Adamciezyk, Nathan Spindel",50,Strongylocentrotus franciscanus,92,G-307,35,118,53,464,247,2.1,"brown (""totes nast"")",spawned out,4.8,"kelp, sand",
7/28/18,Murchison NE,17:23-18:39,8,12,35,7/25/18,"Emily Adamciezyk, Nathan Spindel",50,Strongylocentrotus franciscanus,93,G-308,35,117,55,528,273,2.2,"brown (""totes nast"")",spawned out,5.4,shell hash,
7/28/18,Murchison NE,17:23-18:39,8,12,35,7/25/18,"Emily Adamciezyk, Nathan Spindel",50,Strongylocentrotus franciscanus,94,G-309,35,101,49,423,270,20.8,dark orange,partially spawned,5.9,kelp,
7/28/18,Murchison NE,17:23-18:39,8,12,35,7/25/18,"Emily Adamciezyk, Nathan Spindel",50,Strongylocentrotus franciscanus,95,G-310,35,116,60,627,431,37.5,dark orange,partially spawned,8.2,kelp,
7/28/18,Murchison NE,17:23-18:39,8,12,35,7/25/18,"Emily Adamciezyk, Nathan Spindel",50,Strongylocentrotus franciscanus,96,G-311,35,105,56,463,357,14.8,light brown,partially spawned,7.1,"kelp, shell hash",
7/28/18,Murchison NE,17:23-18:39,8,12,35,7/25/18,"Emily Adamciezyk, Nathan Spindel",50,Strongylocentrotus franciscanus,97,G-312,35,115,54,620,435,33.3,dark orange,partially spawned,10.9,"kelp, shell hash",
7/28/18,Murchison NE,17:23-18:39,8,12,35,7/25/18,"Emily Adamciezyk, Nathan Spindel",50,Strongylocentrotus franciscanus,98,G-313,35,110,56,527,373,2.8,dark brown,spawned out,5.9,"kelp, shell hash",
7/29/18,Murchison NE,17:23-18:39,8,12,35,7/25/18,"Emily Adamciezyk, Nathan Spindel",50,Strongylocentrotus franciscanus,99,G-314,35,120,53,638,384,10.1,brown,spawned out,8.9,kelp,
7/29/18,Murchison NE,17:23-18:39,8,12,35,7/25/18,"Emily Adamciezyk, Nathan Spindel",50,Strongylocentrotus franciscanus,100,G-315,35,123,58,461,360,13.4,brown-orange leopard,spawned out,7.7,"kelp, shell hash",
7/29/18,Murchison NE,17:23-18:39,8,12,35,7/25/18,"Emily Adamciezyk, Nathan Spindel",50,Strongylocentrotus franciscanus,101,NaN,35,104,47,387,246,6.4,light brown,spawned out,5.7,"kelp, shell hash",
7/29/18,Murchison NE,17:23-18:39,8,12,35,7/25/18,"Emily Adamciezyk, Nathan Spindel",50,Strongylocentrotus franciscanus,102,NaN,35,110,54,365,196,1.5,dark brown,spawned out,2,shell hash,"kept piece in extra vial, individual was balding"
7/29/18,Murchison NE,17:23-18:39,8,12,35,7/25/18,"Emily Adamciezyk, Nathan Spindel",50,Strongylocentrotus franciscanus,103,NaN,35,114,54,494,260,1.7,dark brown,spawned out,3.8,kelp,missing top big spines
7/29/18,Murchison NE,17:23-18:39,8,12,35,7/25/18,"Emily Adamciezyk, Nathan Spindel",50,Strongylocentrotus franciscanus,104,NaN,35,115,47,460,240,7.1,brown,spawned out,5.8,"sand, shell hash",missing top big spines
7/29/18,Murchison NE,17:23-18:39,8,12,35,7/25/18,"Emily Adamciezyk, Nathan Spindel",50,Strongylocentrotus franciscanus,105,NaN,35,114,59,569,324,5.5,brown,spawned out,6.7,shell hash,
7/29/18,Murchison NE,17:23-18:39,8,12,35,7/25/18,"Emily Adamciezyk, Nathan Spindel",50,Strongylocentrotus franciscanus,106,NaN,35,112,53,501,298,8.3,dark orange,spawned out,7.2,"kelp, shell hash",
7/29/18,Murchison NE,17:23-18:39,8,12,35,7/25/18,"Emily Adamciezyk, Nathan Spindel",50,Strongylocentrotus franciscanus,107,NaN,35,106,48,391,243,7.6,light brown,spawned out,5.5,"kelp, shell hash",
7/29/18,Murchison NE,17:23-18:39,8,12,35,7/25/18,"Emily Adamciezyk, Nathan Spindel",50,Strongylocentrotus franciscanus,108,NaN,35,114,50,464,309,11.7,dark orange,partially spawned,6,"kelp, shell hash",
7/29/18,Murchison NE,17:23-18:39,8,12,35,7/25/18,"Emily Adamciezyk, Nathan Spindel",50,Strongylocentrotus franciscanus,109,NaN,35,119,57,584,380,14.8,dark orange,partially spawned,8,shell hash,
7/29/18,Murchison NE,17:23-18:39,8,12,35,7/25/18,"Emily Adamciezyk, Nathan Spindel",50,Strongylocentrotus franciscanus,110,NaN,35,110,54,512,300,9.6,dark orange,partially spawned,5.6,"shell hash, red algae (bright orange)",
7/29/18,Murchison NE,17:23-18:39,8,12,35,7/25/18,"Emily Adamciezyk, Nathan Spindel",50,Strongylocentrotus droebachiensis,111,G-316,35,42,21,0.9oz,0.6oz,0.7,orange,partially spawned,0.4,"sand, shell hash",
7/29/18,Murchison NE,17:23-18:39,8,12,35,7/25/18,"Emily Adamciezyk, Nathan Spindel",50,Strongylocentrotus droebachiensis,112,G-317,35,35,21,0.5oz,0.4oz,0.3,light orange,partially spawned,0.2,"shell hash, kelp",
7/29/18,Murchison NE,17:23-18:39,8,12,35,7/25/18,"Emily Adamciezyk, Nathan Spindel",50,Strongylocentrotus droebachiensis,113,G-318,35,34,20,0.5oz,0.4oz,0.1,light yellow,spawned out,0.3,shell hash,
7/29/18,Murchison NE,17:23-18:39,8,12,35,7/25/18,"Emily Adamciezyk, Nathan Spindel",50,Strongylocentrotus droebachiensis,114,G-319,35,42,22,0.7oz,15.7,0.3,orange,spawned out,0.6,shell hash,
7/29/18,Murchison NE,17:23-18:39,8,12,35,7/25/18,"Emily Adamciezyk, Nathan Spindel",50,Strongylocentrotus droebachiensis,115,G-320,35,41,24,27,22,1.7,light yellow,full,0.7,"shell hash, kelp",
7/29/18,Murchison NE,17:23-18:39,8,12,35,7/25/18,"Emily Adamciezyk, Nathan Spindel",50,Strongylocentrotus droebachiensis,116,G-321,35,37,21,26,13,0.1,light yellow,spawned out,0.2,"shell hash, kelp",
7/29/18,Murchison NE,17:23-18:39,8,12,35,7/25/18,"Emily Adamciezyk, Nathan Spindel",50,Strongylocentrotus droebachiensis,117,G-322,35,30,19,9,8,0.1,yellow,spawned out,0.2,shell hash,
7/29/18,Murchison NE,17:23-18:39,8,12,35,7/25/18,"Emily Adamciezyk, Nathan Spindel",50,Strongylocentrotus droebachiensis,118,G-323,35,29,17,9,7,0.3,yellow,partially spawned,0.1,shell hash,
7/29/18,Murchison NE,17:23-18:39,8,12,35,7/25/18,"Emily Adamciezyk, Nathan Spindel",50,Strongylocentrotus droebachiensis,119,G-324,35,31,17,9,8,0.1,light yellow,spawned out,0.2,shell hash,
7/29/18,Murchison NE,17:23-18:39,8,12,35,7/25/18,"Emily Adamciezyk, Nathan Spindel",50,Strongylocentrotus droebachiensis,120,G-325,35,32,18,11,9,0.3,yellow,partially spawned,0.3,"shell hash, kelp",
7/29/18,Murchison NE,17:23-18:39,8,12,35,7/25/18,"Emily Adamciezyk, Nathan Spindel",50,Strongylocentrotus franciscanus,121,NaN,35,62,28,89,68,1.7,yellow,partially spawned,2,"kelp, articulated coralline algae","froze sample of ""rotting"" spines"
7/29/18,Murchison NE,17:23-18:39,8,12,35,7/25/18,"Emily Adamciezyk, Nathan Spindel",50,Strongylocentrotus franciscanus,122,NaN,35,47,26,45,36,1.1,yellow,partially spawned,0.9,"shell hash, red algae (bright orange, articulated coralline algae, kelp",
7/29/18,Murchison NE,17:23-18:39,8,12,35,7/25/18,"Emily Adamciezyk, Nathan Spindel",50,Strongylocentrotus franciscanus,123,NaN,35,63,27,99,67,2.4,light yellow,partially spawned,2.5,kelp,
7/29/18,Murchison NE,17:23-18:39,8,12,35,7/25/18,"Emily Adamciezyk, Nathan Spindel",50,Strongylocentrotus franciscanus,124,NaN,35,54,25,61,46,0.6,yellow,spawned out,1.2,"shell hash, red algae (bright orange, articulated coralline algae, kelp",
7/29/18,Murchison NE,17:23-18:39,8,12,35,7/25/18,"Emily Adamciezyk, Nathan Spindel",50,Strongylocentrotus franciscanus,125,NaN,35,36,17,23,17,0.1,light yellow,spawned out,0.7,"shell hash, kelp, articulated coralline algae",
7/29/18,Murchison NE,17:23-18:39,8,12,35,7/25/18,"Emily Adamciezyk, Nathan Spindel",50,Strongylocentrotus franciscanus,126,NaN,35,66,30,99,74,1.5,light yellow,partially spawned,1.4,"shell hash, kelp, articulated coralline algae",
7/29/18,Murchison NE,17:23-18:39,8,12,35,7/25/18,"Emily Adamciezyk, Nathan Spindel",50,Strongylocentrotus franciscanus,127,NaN,35,52,28,53,38,0.9,yellow,partially spawned,1.7,"shell hash, red algae (bright orange), articulated coralline algae, kelp",
7/29/18,Murchison NE,17:23-18:39,8,12,35,7/25/18,"Emily Adamciezyk, Nathan Spindel",50,Strongylocentrotus franciscanus,128,NaN,35,56,28,70,56,1.5,yellow,partially spawned,1.8,NaN,
7/29/18,Murchison NE,17:23-18:39,8,12,35,7/25/18,"Emily Adamciezyk, Nathan Spindel",50,Strongylocentrotus franciscanus,129,NaN,35,52,28,68,46,2,yellow,partially spawned,1.8,kelp,
7/29/18,Murchison NE,17:23-18:39,8,12,35,7/25/18,"Emily Adamciezyk, Nathan Spindel",50,Strongylocentrotus franciscanus,130,NaN,35,53,28,67,51,1.1,orange,partially spawned,1.4,"kelp, shell hash",
7/29/18,Murchison NE,17:23-18:39,8,12,35,7/25/18,"Emily Adamciezyk, Nathan Spindel",50,Strongylocentrotus franciscanus,131,NaN,35,56,27,84,68,2.5,orange,partially spawned,1.9,kelp,
7/29/18,Murchison NE,17:23-18:39,8,12,35,7/25/18,"Emily Adamciezyk, Nathan Spindel",50,Strongylocentrotus franciscanus,132,NaN,35,34,15,21,18,0.1,light yellow,spawned out,0.5,"kelp, shell hash",
7/29/18,Murchison NE,17:23-18:39,8,12,35,7/25/18,"Emily Adamciezyk, Nathan Spindel",50,Strongylocentrotus franciscanus,133,NaN,35,32,15,16,12,0.1,light yellow,spawned out,0.4,kelp,
7/29/18,Murchison NE,17:23-18:39,8,12,35,7/25/18,"Emily Adamciezyk, Nathan Spindel",50,Strongylocentrotus franciscanus,134,NaN,35,50,23,55,42,0.9,yellow,partially spawned,1.3,kelp,
7/29/18,Murchison NE,17:23-18:39,8,12,35,7/25/18,"Emily Adamciezyk, Nathan Spindel",50,Strongylocentrotus franciscanus,135,NaN,35,37,21,27,23,0.3,light yellow,spawned out,0.7,kelp,
7/29/18,Murchison NE,17:23-18:39,8,12,35,7/25/18,"Emily Adamciezyk, Nathan Spindel",50,Strongylocentrotus franciscanus,136,NaN,35,44,20,38,30,1,yellow,partially spawned,1,kelp,
7/29/18,Murchison NE,17:23-18:39,8,12,35,7/25/18,"Emily Adamciezyk, Nathan Spindel",50,Strongylocentrotus franciscanus,137,NaN,35,20,10,6,5,0,NaN,NaN,0.1,"kelp, shell hash",
7/29/18,Murchison NE,17:23-18:39,8,12,35,7/25/18,"Emily Adamciezyk, Nathan Spindel",50,Strongylocentrotus franciscanus,138,NaN,35,51,25,71,55,1,yellow,partially spawned,1.6,"kelp, shell hash",
7/29/18,Murchison NE,17:23-18:39,8,12,35,7/25/18,"Emily Adamciezyk, Nathan Spindel",50,Strongylocentrotus franciscanus,139,NaN,35,59,26,94,66,1.2,yellow,partially spawned,1.6,kelp,
7/29/18,Murchison NE,17:23-18:39,8,12,35,7/25/18,"Emily Adamciezyk, Nathan Spindel",50,Strongylocentrotus franciscanus,140,NaN,35,40,22,36,26,NaN,yellow,partially spawned,0.7,"kelp, shell hash",